{
    "key": "group_66a8d1dba3bff",
    "title": "Component - Listing Banner",
    "fields": [
        {
            "key": "field_66a8d1dba5edb",
            "label": "Banner Title",
            "name": "banner_title",
            "aria-label": "",
            "type": "text",
            "instructions": "",
            "required": 0,
            "conditional_logic": 0,
            "wrapper": {
                "width": "",
                "class": "",
                "id": ""
            },
            "default_value": "",
            "maxlength": "",
            "placeholder": "",
            "prepend": "",
            "append": ""
        },
        {
            "key": "field_66a8d1dba5f12",
            "label": "Banner Content",
            "name": "banner_content",
            "aria-label": "",
            "type": "textarea",
            "instructions": "",
            "required": 0,
            "conditional_logic": 0,
            "wrapper": {
                "width": "",
                "class": "",
                "id": ""
            },
            "default_value": "",
            "maxlength": "",
            "rows": 2,
            "placeholder": "",
            "new_lines": ""
        }
    ],
    "location": [
        [
            {
                "param": "page_type",
                "operator": "==",
                "value": "posts_page"
            }
        ],
        [
            {
                "param": "page_template",
                "operator": "==",
                "value": "archive-study.php"
            }
        ],
        [
            {
                "param": "page_template",
                "operator": "==",
                "value": "archive-faq.php"
            }
        ]
    ],
    "menu_order": 0,
    "position": "normal",
    "style": "default",
    "label_placement": "top",
    "instruction_placement": "label",
    "hide_on_screen": [
        "the_content"
    ],
    "active": true,
    "description": "",
    "show_in_rest": 0,
    "modified": 1722519022
}
