{
    "key": "group_66aa5de4f27a3",
    "title": "Component - Block Margin Controls",
    "fields": [
        {
            "key": "field_66aa5de58fb8d",
            "label": "Margin",
            "name": "margin",
            "aria-label": "",
            "type": "select",
            "instructions": "",
            "required": 0,
            "conditional_logic": 0,
            "wrapper": {
                "width": "",
                "class": "",
                "id": ""
            },
            "choices": {
                "__mediummargin": "Default",
                "__nomargin": "No Margin",
                "__smallmargin": "Small Margin",
                "__largemargin": "Large Margin"
            },
            "default_value": false,
            "return_format": "value",
            "multiple": 0,
            "allow_null": 0,
            "ui": 0,
            "ajax": 0,
            "placeholder": ""
        }
    ],
    "location": [
        [
            {
                "param": "post_type",
                "operator": "==",
                "value": "post"
            },
            {
                "param": "post_type",
                "operator": "!=",
                "value": "post"
            }
        ]
    ],
    "menu_order": 0,
    "position": "normal",
    "style": "default",
    "label_placement": "top",
    "instruction_placement": "label",
    "hide_on_screen": "",
    "active": true,
    "description": "",
    "show_in_rest": 0,
    "modified": 1722441299
}
