{
    "key": "group_66ab8daa3fbc9",
    "title": "Component - Services Listing",
    "fields": [
        {
            "key": "field_66ab8daa42103",
            "label": "Banner Title",
            "name": "banner_title",
            "aria-label": "",
            "type": "text",
            "instructions": "",
            "required": 0,
            "conditional_logic": 0,
            "wrapper": {
                "width": "",
                "class": "",
                "id": ""
            },
            "default_value": "",
            "maxlength": "",
            "placeholder": "",
            "prepend": "",
            "append": ""
        },
        {
            "key": "field_66ab8daa4213b",
            "label": "Banner Content",
            "name": "banner_content",
            "aria-label": "",
            "type": "textarea",
            "instructions": "",
            "required": 0,
            "conditional_logic": 0,
            "wrapper": {
                "width": "",
                "class": "",
                "id": ""
            },
            "default_value": "",
            "maxlength": "",
            "rows": 2,
            "placeholder": "",
            "new_lines": ""
        },
        {
            "key": "field_66ab8dbc24e84",
            "label": "Services Content",
            "name": "services_content",
            "aria-label": "",
            "type": "wysiwyg",
            "instructions": "",
            "required": false,
            "conditional_logic": 0,
            "wrapper": {
                "width": "",
                "class": "",
                "id": ""
            },
            "tabs": "all",
            "toolbar": "full",
            "media_upload": 1,
            "default_value": "",
            "delay": 0
        }
    ],
    "location": [
        [
            {
                "param": "page_template",
                "operator": "==",
                "value": "archive-service.php"
            }
        ]
    ],
    "menu_order": 0,
    "position": "normal",
    "style": "default",
    "label_placement": "top",
    "instruction_placement": "label",
    "hide_on_screen": [
        "the_content"
    ],
    "active": true,
    "description": "",
    "show_in_rest": 0,
    "modified": 1722519297
}
